UPDATE mysql.engine_cost SET cost_value = 1.0 WHERE cost_name = 'memory_block_read_cost';
FLUSH OPTIMIZER_COSTS;
CREATE TABLE brands ( id_pk int PRIMARY KEY,  id_nokey int,  name varchar(100) );
INSERT INTO brands VALUES (1, 1, concat('brand',1));
INSERT INTO brands VALUES (2, 2, concat('brand',2));
INSERT INTO brands VALUES (3, 3, concat('brand',3));
INSERT INTO brands VALUES (4, 4, concat('brand',4));
INSERT INTO brands VALUES (5, 5, concat('brand',5));
INSERT INTO brands VALUES (6, 6, concat('brand',6));
INSERT INTO brands VALUES (7, 7, concat('brand',7));
CREATE TABLE models ( id_pk int PRIMARY KEY,  id_nokey int,  brand_id int,  name varchar(100),  INDEX(`brand_id`) );
INSERT INTO models VALUES (1, 1, 1, concat('brandmodel',1));
INSERT INTO models VALUES (2, 2, 1, concat('brandmodel',2));
INSERT INTO models VALUES (3, 3, 1, concat('brandmodel',3));
INSERT INTO models VALUES (4, 4, 1, concat('brandmodel',4));
INSERT INTO models VALUES (5, 5, 1, concat('brandmodel',5));
INSERT INTO models VALUES (6, 6, 2, concat('brandmodel',6));
INSERT INTO models VALUES (7, 7, 2, concat('brandmodel',7));
INSERT INTO models VALUES (8, 8, 2, concat('brandmodel',8));
INSERT INTO models VALUES (9, 9, 2, concat('brandmodel',9));
INSERT INTO models VALUES (10, 10, 2, concat('brandmodel',10));
INSERT INTO models VALUES (11, 11, 3, concat('brandmodel',11));
INSERT INTO models VALUES (12, 12, 3, concat('brandmodel',12));
INSERT INTO models VALUES (13, 13, 3, concat('brandmodel',13));
INSERT INTO models VALUES (14, 14, 3, concat('brandmodel',14));
INSERT INTO models VALUES (15, 15, 3, concat('brandmodel',15));
INSERT INTO models VALUES (16, 16, 4, concat('brandmodel',16));
INSERT INTO models VALUES (17, 17, 4, concat('brandmodel',17));
INSERT INTO models VALUES (18, 18, 4, concat('brandmodel',18));
INSERT INTO models VALUES (19, 19, 4, concat('brandmodel',19));
INSERT INTO models VALUES (20, 20, 4, concat('brandmodel',20));
INSERT INTO models VALUES (21, 21, 5, concat('brandmodel',21));
INSERT INTO models VALUES (22, 22, 5, concat('brandmodel',22));
INSERT INTO models VALUES (23, 23, 5, concat('brandmodel',23));
INSERT INTO models VALUES (24, 24, 5, concat('brandmodel',24));
INSERT INTO models VALUES (25, 25, 5, concat('brandmodel',25));
INSERT INTO models VALUES (26, 26, 6, concat('brandmodel',26));
INSERT INTO models VALUES (27, 27, 6, concat('brandmodel',27));
INSERT INTO models VALUES (28, 28, 6, concat('brandmodel',28));
INSERT INTO models VALUES (29, 29, 6, concat('brandmodel',29));
INSERT INTO models VALUES (30, 30, 6, concat('brandmodel',30));
INSERT INTO models VALUES (31, 31, 7, concat('brandmodel',31));
INSERT INTO models VALUES (32, 32, 7, concat('brandmodel',32));
INSERT INTO models VALUES (33, 33, 7, concat('brandmodel',33));
INSERT INTO models VALUES (34, 34, 7, concat('brandmodel',34));
INSERT INTO models VALUES (35, 35, 7, concat('brandmodel',35));
CREATE TABLE subtypes ( id_pk int primary key,  id_nokey int,  name varchar(100) );
INSERT INTO subtypes VALUES (1, 1, concat('subtype',1));
INSERT INTO subtypes VALUES (2, 2, concat('subtype',2));
INSERT INTO subtypes VALUES (3, 3, concat('subtype',3));
INSERT INTO subtypes VALUES (4, 4, concat('subtype',4));
INSERT INTO subtypes VALUES (5, 5, concat('subtype',5));
INSERT INTO subtypes VALUES (6, 6, concat('subtype',6));
INSERT INTO subtypes VALUES (7, 7, concat('subtype',7));
INSERT INTO subtypes VALUES (8, 8, concat('subtype',8));
INSERT INTO subtypes VALUES (9, 9, concat('subtype',9));
INSERT INTO subtypes VALUES (10, 10, concat('subtype',10));
CREATE TABLE colors ( id_pk int primary key,  id_nokey int,  name varchar(100) );
INSERT INTO colors VALUES (1, 1, concat('color',1));
INSERT INTO colors VALUES (2, 2, concat('color',2));
INSERT INTO colors VALUES (3, 3, concat('color',3));
INSERT INTO colors VALUES (4, 4, concat('color',4));
INSERT INTO colors VALUES (5, 5, concat('color',5));
INSERT INTO colors VALUES (6, 6, concat('color',6));
INSERT INTO colors VALUES (7, 7, concat('color',7));
INSERT INTO colors VALUES (8, 8, concat('color',8));
INSERT INTO colors VALUES (9, 9, concat('color',9));
INSERT INTO colors VALUES (10, 10, concat('color',10));
INSERT INTO colors VALUES (11, 11, concat('color',11));
INSERT INTO colors VALUES (12, 12, concat('color',12));
INSERT INTO colors VALUES (13, 13, concat('color',13));
INSERT INTO colors VALUES (14, 14, concat('color',14));
INSERT INTO colors VALUES (15, 15, concat('color',15));
INSERT INTO colors VALUES (16, 16, concat('color',16));
INSERT INTO colors VALUES (17, 17, concat('color',17));
INSERT INTO colors VALUES (18, 18, concat('color',18));
INSERT INTO colors VALUES (19, 19, concat('color',19));
INSERT INTO colors VALUES (20, 20, concat('color',20));
CREATE TABLE heating ( id_pk int primary key,  id_nokey int,  name varchar(100) );
INSERT INTO heating VALUES (1, 1, concat('heating',1));
INSERT INTO heating VALUES (2, 2, concat('heating',2));
INSERT INTO heating VALUES (3, 3, concat('heating',3));
INSERT INTO heating VALUES (4, 4, concat('heating',4));
INSERT INTO heating VALUES (5, 5, concat('heating',5));
INSERT INTO heating VALUES (6, 6, concat('heating',6));
INSERT INTO heating VALUES (7, 7, concat('heating',7));
INSERT INTO heating VALUES (8, 8, concat('heating',8));
INSERT INTO heating VALUES (9, 9, concat('heating',9));
INSERT INTO heating VALUES (10, 10, concat('heating',10));
CREATE TABLE windows ( id_pk int primary key,  id_nokey int,  name varchar(100) );
INSERT INTO windows VALUES (1, 1, concat('window',1));
INSERT INTO windows VALUES (2, 2, concat('window',2));
INSERT INTO windows VALUES (3, 3, concat('window',3));
INSERT INTO windows VALUES (4, 4, concat('window',4));
INSERT INTO windows VALUES (5, 5, concat('window',5));
INSERT INTO windows VALUES (6, 6, concat('window',6));
INSERT INTO windows VALUES (7, 7, concat('window',7));
INSERT INTO windows VALUES (8, 8, concat('window',8));
INSERT INTO windows VALUES (9, 9, concat('window',9));
INSERT INTO windows VALUES (10, 10, concat('window',10));
CREATE TABLE fuels ( id_pk int primary key,  id_nokey int,  name varchar(100) );
INSERT INTO fuels VALUES (1, 1, concat('fuel',1));
INSERT INTO fuels VALUES (2, 2, concat('fuel',2));
INSERT INTO fuels VALUES (3, 3, concat('fuel',3));
INSERT INTO fuels VALUES (4, 4, concat('fuel',4));
INSERT INTO fuels VALUES (5, 5, concat('fuel',5));
INSERT INTO fuels VALUES (6, 6, concat('fuel',6));
INSERT INTO fuels VALUES (7, 7, concat('fuel',7));
INSERT INTO fuels VALUES (8, 8, concat('fuel',8));
INSERT INTO fuels VALUES (9, 9, concat('fuel',9));
INSERT INTO fuels VALUES (10, 10, concat('fuel',10));
CREATE TABLE transmissions ( id_pk int primary key,  id_nokey int,  name varchar(100) );
INSERT INTO transmissions VALUES (1, 1, concat('transmission',1));
INSERT INTO transmissions VALUES (2, 2, concat('transmission',2));
INSERT INTO transmissions VALUES (3, 3, concat('transmission',3));
INSERT INTO transmissions VALUES (4, 4, concat('transmission',4));
INSERT INTO transmissions VALUES (5, 5, concat('transmission',5));
INSERT INTO transmissions VALUES (6, 6, concat('transmission',6));
INSERT INTO transmissions VALUES (7, 7, concat('transmission',7));
INSERT INTO transmissions VALUES (8, 8, concat('transmission',8));
INSERT INTO transmissions VALUES (9, 9, concat('transmission',9));
INSERT INTO transmissions VALUES (10, 10, concat('transmission',10));
